"ts_code","symbol","name","area","industry","fullname","market","list_date"
"600000.SH","600000","浦发银行","上海","银行","上海浦东发展银行股份有限公司","主板","19991110"
"600004.SH","600004","白云机场","广东","机场","广州白云国际机场股份有限公司","主板","20030428"
"600006.SH","600006","东风汽车","湖北","汽车整车","东风汽车股份有限公司","主板","19990727"
"600007.SH","600007","中国国贸","北京","园区开发","中国国际贸易中心股份有限公司","主板","19990312"
"600008.SH","600008","首创环保","北京","环境保护","北京首创生态环保集团股份有限公司","主板","20000427"
"600009.SH","600009","上海机场","上海","机场","上海国际机场股份有限公司","主板","19980218"
"600010.SH","600010","包钢股份","内蒙","普钢","内蒙古包钢钢联股份有限公司","主板","20010309"
"600011.SH","600011","华能国际","北京","火力发电","华能国际电力股份有限公司","主板","20011206"
"600012.SH","600012","皖通高速","安徽","路桥","安徽皖通高速公路股份有限公司","主板","20030107"
"600015.SH","600015","华夏银行","北京","银行","华夏银行股份有限公司","主板","20030912"
"600016.SH","600016","民生银行","北京","银行","中国民生银行股份有限公司","主板","20001219"
"600017.SH","600017","日照港","山东","港口","日照港股份有限公司","主板","20061017"
"600018.SH","600018","上港集团","上海","港口","上海国际港务(集团)股份有限公司","主板","20061026"
"600019.SH","600019","宝钢股份","上海","普钢","宝山钢铁股份有限公司","主板","20001212"
"600020.SH","600020","中原高速","河南","路桥","河南中原高速公路股份有限公司","主板","20030808"
"600021.SH","600021","上海电力","上海","火力发电","上海电力股份有限公司","主板","20031029"
"600022.SH","600022","山东钢铁","山东","普钢","山东钢铁股份有限公司","主板","20040629"
"600023.SH","600023","浙能电力","浙江","火力发电","浙江浙能电力股份有限公司","主板","20131219"
"600025.SH","600025","华能水电","云南","水力发电","华能澜沧江水电股份有限公司","主板","20171215"
"600026.SH","600026","中远海能","上海","水运","中远海运能源运输股份有限公司","主板","20020523"
"600027.SH","600027","华电国际","山东","火力发电","华电国际电力股份有限公司","主板","20050203"
"600028.SH","600028","中国石化","北京","石油加工","中国石油化工股份有限公司","主板","20010808"
"600029.SH","600029","南方航空","广东","空运","中国南方航空股份有限公司","主板","20030725"
"600030.SH","600030","中信证券","深圳","证券","中信证券股份有限公司","主板","20030106"
"600031.SH","600031","三一重工","北京","工程机械","三一重工股份有限公司","主板","20030703"
"600032.SH","600032","浙江新能","浙江","新型电力","浙江省新能源投资集团股份有限公司","主板","20210525"
"600033.SH","600033","福建高速","福建","路桥","福建发展高速公路股份有限公司","主板","20010209"
"600035.SH","600035","楚天高速","湖北","路桥","湖北楚天智能交通股份有限公司","主板","20040310"
"600036.SH","600036","招商银行","深圳","银行","招商银行股份有限公司","主板","20020409"
"600037.SH","600037","歌华有线","北京","影视音像","北京歌华有线电视网络股份有限公司","主板","20010208"
"600038.SH","600038","中直股份","黑龙江","航空","中航直升机股份有限公司","主板","20001218"
"600039.SH","600039","四川路桥","四川","建筑工程","四川路桥建设集团股份有限公司","主板","20030325"
"600048.SH","600048","保利发展","广东","全国地产","保利发展控股集团股份有限公司","主板","20060731"
"600050.SH","600050","中国联通","北京","电信运营","中国联合网络通信股份有限公司","主板","20021009"
"600051.SH","600051","宁波联合","浙江","综合类","宁波联合集团股份有限公司","主板","19970410"
"600052.SH","600052","东望时代","浙江","影视音像","浙江东望时代科技股份有限公司","主板","19970415"
"600053.SH","600053","九鼎投资","江西","多元金融","昆吾九鼎投资控股股份有限公司","主板","19970418"
"600054.SH","600054","黄山旅游","安徽","旅游景点","黄山旅游发展股份有限公司","主板","19970506"
"600055.SH","600055","万东医疗","北京","医疗保健","北京万东医疗科技股份有限公司","主板","19970519"
"600056.SH","600056","中国医药","北京","医药商业","中国医药健康产业股份有限公司","主板","19970515"
"600057.SH","600057","厦门象屿","福建","仓储物流","厦门象屿股份有限公司","主板","19970604"
"600058.SH","600058","五矿发展","北京","商贸代理","五矿发展股份有限公司","主板","19970528"
"600059.SH","600059","古越龙山","浙江","红黄酒","浙江古越龙山绍兴酒股份有限公司","主板","19970516"
"600060.SH","600060","海信视像","山东","家用电器","海信视像科技股份有限公司","主板","19970422"
"600061.SH","600061","国投资本","上海","证券","国投资本股份有限公司","主板","19970519"
"600062.SH","600062","华润双鹤","北京","化学制药","华润双鹤药业股份有限公司","主板","19970522"
"600063.SH","600063","皖维高新","安徽","化纤","安徽皖维高新材料股份有限公司","主板","19970528"
"600064.SH","600064","南京高科","江苏","园区开发","南京高科股份有限公司","主板","19970506"
"600066.SH","600066","宇通客车","河南","汽车整车","宇通客车股份有限公司","主板","19970508"
"600067.SH","600067","冠城大通","福建","全国地产","冠城大通股份有限公司","主板","19970508"
"600070.SH","600070","浙江富润","浙江","互联网","浙江富润数字科技股份有限公司","主板","19970604"
"600071.SH","600071","凤凰光学","江西","元器件","凤凰光学股份有限公司","主板","19970528"
"600072.SH","600072","中船科技","上海","船舶","中船科技股份有限公司","主板","19970603"
"600073.SH","600073","上海梅林","上海","食品","上海梅林正广和股份有限公司","主板","19970704"
"600075.SH","600075","新疆天业","新疆","化工原料","新疆天业股份有限公司","主板","19970617"
"600076.SH","600076","康欣新材","山东","其他建材","康欣新材料股份有限公司","主板","19970526"
"600077.SH","600077","宋都股份","浙江","全国地产","宋都基业投资股份有限公司","主板","19970520"
"600078.SH","600078","*ST澄星","江苏","化工原料","江苏澄星磷化工股份有限公司","主板","19970627"
"600079.SH","600079","人福医药","湖北","化学制药","人福医药集团股份公司","主板","19970606"
"600080.SH","600080","金花股份","陕西","中成药","金花企业(集团)股份有限公司","主板","19970612"
"600081.SH","600081","东风科技","上海","汽车配件","东风电子科技股份有限公司","主板","19970703"
"600082.SH","600082","海泰发展","天津","园区开发","天津海泰科技发展股份有限公司","主板","19970620"
"600083.SH","600083","*ST博信","江苏","综合类","江苏博信投资控股股份有限公司","主板","19970606"
"600084.SH","600084","*ST中葡","新疆","红黄酒","中信国安葡萄酒业股份有限公司","主板","19970711"
"600085.SH","600085","同仁堂","北京","中成药","北京同仁堂股份有限公司","主板","19970625"
"600088.SH","600088","中视传媒","上海","影视音像","中视传媒股份有限公司","主板","19970616"
"600089.SH","600089","特变电工","新疆","电气设备","特变电工股份有限公司","主板","19970618"
"600090.SH","600090","*ST济堂","新疆","医药商业","新疆同济堂健康产业股份有限公司","主板","19970616"
"600091.SH","600091","*ST明科","内蒙","化工原料","包头明天科技股份有限公司","主板","19970704"
"600093.SH","600093","*ST易见","云南","多元金融","易见供应链管理股份有限公司","主板","19970626"
"600094.SH","600094","大名城","上海","区域地产","上海大名城企业股份有限公司","主板","19970703"
"600095.SH","600095","湘财股份","黑龙江","证券","湘财股份有限公司","主板","19970708"
"600096.SH","600096","云天化","云南","农药化肥","云南云天化股份有限公司","主板","19970709"
"600097.SH","600097","开创国际","上海","渔业","上海开创国际海洋资源股份有限公司","主板","19970619"
"600098.SH","600098","广州发展","广东","火力发电","广州发展集团股份有限公司","主板","19970718"
"600099.SH","600099","林海股份","江苏","汽车整车","林海股份有限公司","主板","19970704"
"600100.SH","600100","同方股份","北京","IT设备","同方股份有限公司","主板","19970627"
"600101.SH","600101","明星电力","四川","水力发电","四川明星电力股份有限公司","主板","19970627"
"600103.SH","600103","青山纸业","福建","造纸","福建省青山纸业股份有限公司","主板","19970703"
"600104.SH","600104","上汽集团","上海","汽车整车","上海汽车集团股份有限公司","主板","19971125"
"600105.SH","600105","永鼎股份","江苏","通信设备","江苏永鼎股份有限公司","主板","19970929"
"600106.SH","600106","重庆路桥","重庆","路桥","重庆路桥股份有限公司","主板","19970618"
"600107.SH","600107","美尔雅","湖北","服饰","湖北美尔雅股份有限公司","主板","19971106"
"600108.SH","600108","亚盛集团","甘肃","种植业","甘肃亚盛实业(集团)股份有限公司","主板","19970818"
"600109.SH","600109","国金证券","四川","证券","国金证券股份有限公司","主板","19970807"
"600110.SH","600110","诺德股份","吉林","电气设备","诺德投资股份有限公司","主板","19971007"
"600111.SH","600111","北方稀土","内蒙","小金属","中国北方稀土(集团)高科技股份有限公司","主板","19970924"
"600112.SH","600112","*ST天成","贵州","电气设备","贵州长征天成控股股份有限公司","主板","19971127"
"600113.SH","600113","浙江东日","浙江","区域地产","浙江东日股份有限公司","主板","19971021"
"600114.SH","600114","东睦股份","浙江","机械基件","东睦新材料集团股份有限公司","主板","20040511"
"600115.SH","600115","中国东航","上海","空运","中国东方航空股份有限公司","主板","19971105"
"600116.SH","600116","三峡水利","重庆","水力发电","重庆三峡水利电力(集团)股份有限公司","主板","19970804"
"600117.SH","600117","西宁特钢","青海","特种钢","西宁特殊钢股份有限公司","主板","19971015"
"600118.SH","600118","中国卫星","北京","航空","中国东方红卫星股份有限公司","主板","19970908"
"600119.SH","600119","长江投资","上海","仓储物流","长发集团长江投资实业股份有限公司","主板","19980115"
"600120.SH","600120","浙江东方","浙江","多元金融","浙江东方金融控股集团股份有限公司","主板","19971201"
"600121.SH","600121","郑州煤电","河南","煤炭开采","郑州煤电股份有限公司","主板","19980107"
"600122.SH","600122","ST宏图","江苏","其他商业","江苏宏图高科技股份有限公司","主板","19980420"
"600123.SH","600123","兰花科创","山西","煤炭开采","山西兰花科技创业股份有限公司","主板","19981217"
"600125.SH","600125","铁龙物流","辽宁","铁路","中铁铁龙集装箱物流股份有限公司","主板","19980511"
"600126.SH","600126","杭钢股份","浙江","普钢","杭州钢铁股份有限公司","主板","19980311"
"600127.SH","600127","金健米业","湖南","农业综合","金健米业股份有限公司","主板","19980506"
"600128.SH","600128","弘业股份","江苏","商贸代理","江苏弘业股份有限公司","主板","19970901"
"600129.SH","600129","太极集团","重庆","中成药","重庆太极实业(集团)股份有限公司","主板","19971118"
"600130.SH","600130","波导股份","浙江","通信设备","宁波波导股份有限公司","主板","20000706"
"600131.SH","600131","国网信通","四川","通信设备","国网信息通信股份有限公司","主板","19980402"
"600132.SH","600132","重庆啤酒","重庆","啤酒","重庆啤酒股份有限公司","主板","19971030"
"600133.SH","600133","东湖高新","湖北","园区开发","武汉东湖高新集团股份有限公司","主板","19980212"
"600135.SH","600135","乐凯胶片","河北","化工原料","乐凯胶片股份有限公司","主板","19980122"
"600136.SH","600136","当代文体","湖北","影视音像","武汉当代明诚文化体育集团股份有限公司","主板","19980303"
"600137.SH","600137","浪莎股份","四川","服饰","四川浪莎控股股份有限公司","主板","19980416"
"600138.SH","600138","中青旅","北京","旅游服务","中青旅控股股份有限公司","主板","19971203"
"600139.SH","600139","ST西源","四川","综合类","四川西部资源控股股份有限公司","主板","19980225"
"600141.SH","600141","兴发集团","湖北","化工原料","湖北兴发化工集团股份有限公司","主板","19990616"
"600143.SH","600143","金发科技","广东","塑料","金发科技股份有限公司","主板","20040623"
"600145.SH","600145","退新亿","","","新疆亿路万源实业控股股份有限公司","主板","19990923"
"600146.SH","600146","*ST环球","宁夏","服饰","商赢环球股份有限公司","主板","19990707"
"600148.SH","600148","长春一东","吉林","汽车配件","长春一东离合器股份有限公司","主板","19980520"
"600149.SH","600149","廊坊发展","河北","综合类","廊坊发展股份有限公司","主板","19991014"
"600150.SH","600150","中国船舶","上海","船舶","中国船舶工业股份有限公司","主板","19980520"
"600151.SH","600151","航天机电","上海","汽车配件","上海航天汽车机电股份有限公司","主板","19980605"
"600152.SH","600152","维科技术","浙江","电气设备","维科技术股份有限公司","主板","19980609"
"600153.SH","600153","建发股份","福建","仓储物流","厦门建发股份有限公司","主板","19980616"
"600155.SH","600155","华创阳安","北京","证券","华创阳安股份有限公司","主板","19980918"
"600156.SH","600156","华升股份","湖南","纺织","湖南华升股份有限公司","主板","19980527"
"600157.SH","600157","永泰能源","山西","火力发电","永泰能源股份有限公司","主板","19980513"
"600158.SH","600158","中体产业","天津","文教休闲","中体产业集团股份有限公司","主板","19980327"
"600159.SH","600159","大龙地产","北京","区域地产","北京市大龙伟业房地产开发股份有限公司","主板","19980526"
"600160.SH","600160","巨化股份","浙江","化工原料","浙江巨化股份有限公司","主板","19980626"
"600161.SH","600161","天坛生物","北京","生物制药","北京天坛生物制品股份有限公司","主板","19980616"
"600162.SH","600162","香江控股","深圳","全国地产","深圳香江控股股份有限公司","主板","19980609"
"600163.SH","600163","中闽能源","福建","新型电力","中闽能源股份有限公司","主板","19980602"
"600165.SH","600165","新日恒力","宁夏","化工原料","宁夏新日恒力钢丝绳股份有限公司","主板","19980529"
"600166.SH","600166","福田汽车","北京","汽车整车","北汽福田汽车股份有限公司","主板","19980602"
"600167.SH","600167","联美控股","辽宁","供气供热","联美量子股份有限公司","主板","19990128"
"600168.SH","600168","武汉控股","湖北","水务","武汉三镇实业控股股份有限公司","主板","19980427"
"600169.SH","600169","太原重工","山西","工程机械","太原重工股份有限公司","主板","19980904"
"600170.SH","600170","上海建工","上海","建筑工程","上海建工集团股份有限公司","主板","19980623"
"600171.SH","600171","上海贝岭","上海","半导体","上海贝岭股份有限公司","主板","19980924"
"600172.SH","600172","黄河旋风","河南","矿物制品","河南黄河旋风股份有限公司","主板","19981126"
"600173.SH","600173","卧龙地产","浙江","全国地产","卧龙地产集团股份有限公司","主板","19990415"
"600176.SH","600176","中国巨石","浙江","玻璃","中国巨石股份有限公司","主板","19990422"
"600177.SH","600177","雅戈尔","浙江","服饰","雅戈尔集团股份有限公司","主板","19981119"
"600178.SH","600178","东安动力","黑龙江","汽车配件","哈尔滨东安汽车动力股份有限公司","主板","19981014"
"600179.SH","600179","安通控股","黑龙江","仓储物流","安通控股股份有限公司","主板","19981104"
"600180.SH","600180","瑞茂通","山东","仓储物流","瑞茂通供应链管理股份有限公司","主板","19980703"
"600182.SH","600182","SST佳通","黑龙江","汽车配件","佳通轮胎股份有限公司","主板","19990507"
"600183.SH","600183","生益科技","广东","元器件","广东生益科技股份有限公司","主板","19981028"
"600184.SH","600184","光电股份","湖北","专用机械","北方光电股份有限公司","主板","20031106"
"600185.SH","600185","格力地产","广东","区域地产","格力地产股份有限公司","主板","19990611"
"600186.SH","600186","莲花健康","河南","食品","莲花健康产业集团股份有限公司","主板","19980825"
"600187.SH","600187","国中水务","黑龙江","水务","黑龙江国中水务股份有限公司","主板","19981111"
"600188.SH","600188","兖矿能源","山东","煤炭开采","兖矿能源集团股份有限公司","主板","19980701"
"600189.SH","600189","泉阳泉","吉林","软饮料","吉林泉阳泉股份有限公司","主板","19981007"
"600190.SH","600190","锦州港","辽宁","港口","锦州港股份有限公司","主板","19990609"
"600191.SH","600191","*ST华资","内蒙","食品","包头华资实业股份有限公司","主板","19981210"
"600192.SH","600192","长城电工","甘肃","电气设备","兰州长城电工股份有限公司","主板","19981224"
"600193.SH","600193","创兴资源","上海","装修装饰","上海创兴资源开发股份有限公司","主板","19990527"
"600195.SH","600195","中牧股份","北京","农业综合","中牧实业股份有限公司","主板","19990107"
"600196.SH","600196","复星医药","上海","化学制药","上海复星医药(集团)股份有限公司","主板","19980807"
"600197.SH","600197","伊力特","新疆","白酒","新疆伊力特实业股份有限公司","主板","19990916"
"600198.SH","600198","大唐电信","北京","通信设备","大唐电信科技股份有限公司","主板","19981021"
"600199.SH","600199","金种子酒","安徽","白酒","安徽金种子酒业股份有限公司","主板","19980812"
"600200.SH","600200","江苏吴中","江苏","化学制药","江苏吴中医药发展股份有限公司","主板","19990401"
"600201.SH","600201","生物股份","内蒙","农业综合","金宇生物技术股份有限公司","主板","19990115"
"600202.SH","600202","哈空调","黑龙江","电气设备","哈尔滨空调股份有限公司","主板","19990603"
"600203.SH","600203","福日电子","福建","元器件","福建福日电子股份有限公司","主板","19990514"
"600206.SH","600206","有研新材","北京","半导体","有研新材料股份有限公司","主板","19990319"
"600207.SH","600207","安彩高科","河南","供气供热","河南安彩高科股份有限公司","主板","19990714"
"600208.SH","600208","新湖中宝","浙江","全国地产","新湖中宝股份有限公司","主板","19990623"
"600209.SH","600209","*ST罗顿","海南","装修装饰","罗顿发展股份有限公司","主板","19990325"
"600210.SH","600210","紫江企业","上海","广告包装","上海紫江企业集团股份有限公司","主板","19990824"
"600211.SH","600211","西藏药业","西藏","中成药","西藏诺迪康药业股份有限公司","主板","19990721"
"600212.SH","600212","江泉实业","山东","综合类","山东江泉实业股份有限公司","主板","19990817"
"600213.SH","600213","亚星客车","江苏","汽车整车","扬州亚星客车股份有限公司","主板","19990831"
"600215.SH","600215","派斯林","吉林","园区开发","派斯林数字科技股份有限公司","主板","19990909"
"600216.SH","600216","浙江医药","浙江","化学制药","浙江医药股份有限公司","主板","19991021"
"600217.SH","600217","中再资环","陕西","环境保护","中再资源环境股份有限公司","主板","19991216"
"600218.SH","600218","全柴动力","安徽","农用机械","安徽全柴动力股份有限公司","主板","19981203"
"600219.SH","600219","南山铝业","山东","铝","山东南山铝业股份有限公司","主板","19991223"
"600220.SH","600220","江苏阳光","江苏","纺织","江苏阳光股份有限公司","主板","19990927"
"600221.SH","600221","*ST海航","海南","空运","海南航空控股股份有限公司","主板","19991125"
"600222.SH","600222","太龙药业","河南","中成药","河南太龙药业股份有限公司","主板","19991105"
"600223.SH","600223","鲁商发展","山东","区域地产","鲁商健康产业发展股份有限公司","主板","20000113"
"600225.SH","600225","*ST松江","天津","区域地产","天津松江股份有限公司","主板","20000127"
"600226.SH","600226","ST瀚叶","浙江","互联网","浙江瀚叶股份有限公司","主板","19991116"
"600227.SH","600227","圣济堂","贵州","化学制药","贵州圣济堂医药产业股份有限公司","主板","20000221"
"600228.SH","600228","返利科技","江西","互联网","返利网数字科技股份有限公司","主板","19990119"
"600229.SH","600229","城市传媒","山东","出版业","青岛城市传媒股份有限公司","主板","20000309"
"600230.SH","600230","沧州大化","河北","农药化肥","沧州大化股份有限公司","主板","20000406"
"600231.SH","600231","凌钢股份","辽宁","普钢","凌源钢铁股份有限公司","主板","20000511"
"600232.SH","600232","金鹰股份","浙江","纺织","浙江金鹰股份有限公司","主板","20000602"
"600233.SH","600233","圆通速递","辽宁","仓储物流","圆通速递股份有限公司","主板","20000608"
"600234.SH","600234","科新发展","山西","综合类","山西科新发展股份有限公司","主板","20000615"
"600235.SH","600235","民丰特纸","浙江","造纸","民丰特种纸股份有限公司","主板","20000615"
"600236.SH","600236","桂冠电力","广西","水力发电","广西桂冠电力股份有限公司","主板","20000323"
"600237.SH","600237","铜峰电子","安徽","元器件","安徽铜峰电子股份有限公司","主板","20000609"
"600238.SH","600238","海南椰岛","海南","红黄酒","海南椰岛(集团)股份有限公司","主板","20000120"
"600239.SH","600239","*ST云城","云南","区域地产","云南城投置业股份有限公司","主板","19991202"
"600241.SH","600241","ST时万","辽宁","电气设备","辽宁时代万恒股份有限公司","主板","20001128"
"600242.SH","600242","ST中昌","广东","软件服务","中昌大数据股份有限公司","主板","20001207"
"600243.SH","600243","青海华鼎","青海","机床制造","青海华鼎实业股份有限公司","主板","20001120"
"600246.SH","600246","万通发展","北京","区域地产","北京万通新发展集团股份有限公司","主板","20000922"
"600248.SH","600248","陕西建工","陕西","建筑工程","陕西建工集团股份有限公司","主板","20000622"
"600249.SH","600249","两面针","广西","日用化工","柳州两面针股份有限公司","主板","20040130"
"600250.SH","600250","南纺股份","江苏","商贸代理","南京纺织品进出口股份有限公司","主板","20010306"
"600251.SH","600251","冠农股份","新疆","农业综合","新疆冠农果茸股份有限公司","主板","20030609"
"600252.SH","600252","中恒集团","广西","中成药","广西梧州中恒集团股份有限公司","主板","20001130"
"600255.SH","600255","鑫科材料","安徽","小金属","安徽鑫科新材料股份有限公司","主板","20001122"
"600256.SH","600256","广汇能源","新疆","石油开采","广汇能源股份有限公司","主板","20000526"
"600257.SH","600257","大湖股份","湖南","渔业","大湖水殖股份有限公司","主板","20000612"
"600258.SH","600258","首旅酒店","北京","酒店餐饮","北京首旅酒店(集团)股份有限公司","主板","20000601"
"600259.SH","600259","广晟有色","海南","小金属","广晟有色金属股份有限公司","主板","20000525"
"600260.SH","600260","ST凯乐","湖北","通信设备","湖北凯乐科技股份有限公司","主板","20000706"
"600261.SH","600261","阳光照明","浙江","家用电器","浙江阳光照明电器集团股份有限公司","主板","20000720"
"600262.SH","600262","北方股份","内蒙","汽车整车","内蒙古北方重型汽车股份有限公司","主板","20000630"
"600265.SH","600265","*ST景谷","云南","林业","云南景谷林业股份有限公司","主板","20000825"
"600266.SH","600266","城建发展","北京","区域地产","北京城建投资发展股份有限公司","主板","19990203"
"600267.SH","600267","海正药业","浙江","化学制药","浙江海正药业股份有限公司","主板","20000725"
"600268.SH","600268","国电南自","江苏","电气设备","国电南京自动化股份有限公司","主板","19991118"
"600269.SH","600269","赣粤高速","江西","路桥","江西赣粤高速公路股份有限公司","主板","20000518"
"600271.SH","600271","航天信息","北京","IT设备","航天信息股份有限公司","主板","20030711"
"600272.SH","600272","开开实业","上海","医药商业","上海开开实业股份有限公司","主板","20010228"
"600273.SH","600273","嘉化能源","浙江","化工原料","浙江嘉化能源化工股份有限公司","主板","20030627"
"600275.SH","600275","*ST昌鱼","湖北","渔业","湖北武昌鱼股份有限公司","主板","20000810"
"600276.SH","600276","恒瑞医药","江苏","化学制药","江苏恒瑞医药股份有限公司","主板","20001018"
"600277.SH","600277","亿利洁能","内蒙","化工原料","亿利洁能股份有限公司","主板","20000725"
"600278.SH","600278","东方创业","上海","商贸代理","东方国际创业股份有限公司","主板","20000712"
"600279.SH","600279","重庆港","重庆","港口","重庆港股份有限公司","主板","20000731"
"600280.SH","600280","中央商场","江苏","百货","南京中央商场(集团)股份有限公司","主板","20000926"
"600281.SH","600281","华阳新材","山西","综合类","山西华阳新材料股份有限公司","主板","20001109"
"600282.SH","600282","南钢股份","江苏","普钢","南京钢铁股份有限公司","主板","20000919"
"600283.SH","600283","钱江水利","浙江","水务","钱江水利开发股份有限公司","主板","20001018"
"600284.SH","600284","浦东建设","上海","建筑工程","上海浦东建设股份有限公司","主板","20040316"
"600285.SH","600285","羚锐制药","河南","中成药","河南羚锐制药股份有限公司","主板","20001018"
"600287.SH","600287","江苏舜天","江苏","商贸代理","江苏舜天股份有限公司","主板","20000901"
"600288.SH","600288","大恒科技","北京","软件服务","大恒新纪元科技股份有限公司","主板","20001129"
"600289.SH","600289","ST信通","黑龙江","软件服务","亿阳信通股份有限公司","主板","20000720"
"600290.SH","600290","ST华仪","浙江","电气设备","华仪电气股份有限公司","主板","20001106"
"600291.SH","600291","*ST西水","内蒙","保险","内蒙古西水创业股份有限公司","主板","20000731"
"600292.SH","600292","远达环保","重庆","环境保护","国家电投集团远达环保股份有限公司","主板","20001101"
"600293.SH","600293","三峡新材","湖北","玻璃","湖北三峡新型建材股份有限公司","主板","20000919"
"600295.SH","600295","鄂尔多斯","内蒙","特种钢","内蒙古鄂尔多斯资源股份有限公司","主板","20010426"
"600297.SH","600297","广汇汽车","辽宁","汽车服务","广汇汽车服务集团股份公司","主板","20001116"
"600298.SH","600298","安琪酵母","湖北","食品","安琪酵母股份有限公司","主板","20000818"
"600299.SH","600299","安迪苏","北京","化学制药","蓝星安迪苏股份有限公司","主板","20000420"
"600300.SH","600300","维维股份","江苏","软饮料","维维食品饮料股份有限公司","主板","20000630"
"600301.SH","600301","*ST南化","广西","商贸代理","南宁化工股份有限公司","主板","20000712"
"600302.SH","600302","标准股份","陕西","纺织机械","西安标准工业股份有限公司","主板","20001213"
"600303.SH","600303","曙光股份","辽宁","汽车整车","辽宁曙光汽车集团股份有限公司","主板","20001226"
"600305.SH","600305","恒顺醋业","江苏","食品","江苏恒顺醋业股份有限公司","主板","20010206"
"600306.SH","600306","ST商城","辽宁","百货","沈阳商业城股份有限公司","主板","20001226"
"600307.SH","600307","酒钢宏兴","甘肃","普钢","甘肃酒钢集团宏兴钢铁股份有限公司","主板","20001220"
"600308.SH","600308","华泰股份","山东","造纸","山东华泰纸业股份有限公司","主板","20000928"
"600309.SH","600309","万华化学","山东","化工原料","万华化学集团股份有限公司","主板","20010105"
"600310.SH","600310","桂东电力","广西","水力发电","广西桂东电力股份有限公司","主板","20010228"
"600311.SH","600311","ST荣华","甘肃","黄金","甘肃荣华实业(集团)股份有限公司","主板","20010626"
"600312.SH","600312","平高电气","河南","电气设备","河南平高电气股份有限公司","主板","20010221"
"600313.SH","600313","农发种业","北京","种植业","中农发种业集团股份有限公司","主板","20010119"
"600315.SH","600315","上海家化","上海","日用化工","上海家化联合股份有限公司","主板","20010315"
"600316.SH","600316","洪都航空","江西","航空","江西洪都航空工业股份有限公司","主板","20001215"
"600318.SH","600318","新力金融","安徽","多元金融","安徽新力金融股份有限公司","主板","20001208"
"600319.SH","600319","*ST亚星","山东","化工原料","潍坊亚星化学股份有限公司","主板","20010326"
"600320.SH","600320","振华重工","上海","工程机械","上海振华重工(集团)股份有限公司","主板","20001221"
"600321.SH","600321","正源股份","四川","其他建材","正源控股股份有限公司","主板","20010524"
"600322.SH","600322","天房发展","天津","区域地产","天津市房地产发展(集团)股份有限公司","主板","20010910"
"600323.SH","600323","瀚蓝环境","广东","环境保护","瀚蓝环境股份有限公司","主板","20001225"
"600325.SH","600325","华发股份","广东","区域地产","珠海华发实业股份有限公司","主板","20040225"
"600326.SH","600326","西藏天路","西藏","水泥","西藏天路股份有限公司","主板","20010116"
"600327.SH","600327","大东方","江苏","汽车服务","无锡商业大厦大东方股份有限公司","主板","20020625"
"600328.SH","600328","中盐化工","内蒙","化工原料","中盐内蒙古化工股份有限公司","主板","20001222"
"600329.SH","600329","中新药业","天津","中成药","天津中新药业集团股份有限公司","主板","20010606"
"600330.SH","600330","天通股份","浙江","元器件","天通控股股份有限公司","主板","20010118"
"600331.SH","600331","宏达股份","四川","铅锌","四川宏达股份有限公司","主板","20011220"
"600332.SH","600332","白云山","广东","中成药","广州白云山医药集团股份有限公司","主板","20010206"
"600333.SH","600333","长春燃气","吉林","供气供热","长春燃气股份有限公司","主板","20001211"
"600335.SH","600335","国机汽车","天津","汽车配件","国机汽车股份有限公司","主板","20010305"
"600336.SH","600336","澳柯玛","山东","家用电器","澳柯玛股份有限公司","主板","20001229"
"600337.SH","600337","美克家居","江西","家居用品","美克国际家居用品股份有限公司","主板","20001127"
"600338.SH","600338","西藏珠峰","西藏","铅锌","西藏珠峰资源股份有限公司","主板","20001227"
"600339.SH","600339","中油工程","新疆","石油加工","中国石油集团工程股份有限公司","主板","20001225"
"600340.SH","600340","华夏幸福","河北","区域地产","华夏幸福基业股份有限公司","主板","20031230"
"600343.SH","600343","航天动力","陕西","航空","陕西航天动力高科技股份有限公司","主板","20030408"
"600345.SH","600345","长江通信","湖北","通信设备","武汉长江通信产业集团股份有限公司","主板","20001222"
"600346.SH","600346","恒力石化","辽宁","石油加工","恒力石化股份有限公司","主板","20010820"
"600348.SH","600348","华阳股份","山西","煤炭开采","山西华阳集团新能股份有限公司","主板","20030821"
"600350.SH","600350","山东高速","山东","路桥","山东高速股份有限公司","主板","20020318"
"600351.SH","600351","亚宝药业","山西","中成药","亚宝药业集团股份有限公司","主板","20020926"
"600352.SH","600352","浙江龙盛","浙江","染料涂料","浙江龙盛集团股份有限公司","主板","20030801"
"600353.SH","600353","旭光电子","四川","元器件","成都旭光电子股份有限公司","主板","20021120"
"600354.SH","600354","敦煌种业","甘肃","种植业","甘肃省敦煌种业集团股份有限公司","主板","20040115"
"600355.SH","600355","精伦电子","湖北","元器件","精伦电子股份有限公司","主板","20020613"
"600356.SH","600356","恒丰纸业","黑龙江","造纸","牡丹江恒丰纸业股份有限公司","主板","20010419"
"600358.SH","600358","国旅联合","江苏","旅游服务","国旅联合股份有限公司","主板","20000922"
"600359.SH","600359","新农开发","新疆","农业综合","新疆塔里木农业综合开发股份有限公司","主板","19990429"
"600360.SH","600360","华微电子","吉林","半导体","吉林华微电子股份有限公司","主板","20010316"
"600361.SH","600361","华联综超","北京","超市连锁","北京华联综合超市股份有限公司","主板","20011129"
"600362.SH","600362","江西铜业","江西","铜","江西铜业股份有限公司","主板","20020111"
"600363.SH","600363","联创光电","江西","元器件","江西联创光电科技股份有限公司","主板","20010329"
"600365.SH","600365","ST通葡","吉林","红黄酒","通化葡萄酒股份有限公司","主板","20010115"
"600366.SH","600366","宁波韵升","浙江","矿物制品","宁波韵升股份有限公司","主板","20001030"
"600367.SH","600367","红星发展","贵州","化工原料","贵州红星发展股份有限公司","主板","20010320"
"600368.SH","600368","五洲交通","广西","路桥","广西五洲交通股份有限公司","主板","20001221"
"600369.SH","600369","西南证券","重庆","证券","西南证券股份有限公司","主板","20010109"
"600370.SH","600370","三房巷","江苏","化工原料","江苏三房巷聚材股份有限公司","主板","20030306"
"600371.SH","600371","万向德农","黑龙江","种植业","万向德农股份有限公司","主板","20020916"
"600372.SH","600372","中航电子","北京","航空","中航航空电子系统股份有限公司","主板","20010706"
"600373.SH","600373","中文传媒","江西","出版业","中文天地出版传媒集团股份有限公司","主板","20020304"
"600375.SH","600375","汉马科技","安徽","汽车整车","汉马科技集团股份有限公司","主板","20030401"
"600376.SH","600376","首开股份","北京","区域地产","北京首都开发股份有限公司","主板","20010312"
"600377.SH","600377","宁沪高速","江苏","路桥","江苏宁沪高速公路股份有限公司","主板","20010116"
"600378.SH","600378","昊华科技","四川","化工原料","昊华化工科技集团股份有限公司","主板","20010111"
"600379.SH","600379","宝光股份","陕西","电气设备","陕西宝光真空电器股份有限公司","主板","20020116"
"600380.SH","600380","健康元","深圳","化学制药","健康元药业集团股份有限公司","主板","20010608"
"600381.SH","600381","青海春天","青海","医疗保健","青海春天药用资源科技股份有限公司","主板","20010508"
"600382.SH","600382","*ST广珠","广东","商贸代理","广东明珠集团股份有限公司","主板","20010118"
"600383.SH","600383","金地集团","深圳","全国地产","金地(集团)股份有限公司","主板","20010412"
"600385.SH","600385","*ST金泰","山东","化学制药","山东金泰集团股份有限公司","主板","20010723"
"600386.SH","600386","北巴传媒","北京","汽车服务","北京巴士传媒股份有限公司","主板","20010216"
"600387.SH","600387","ST海越","浙江","石油贸易","海越能源集团股份有限公司","主板","20040218"
"600388.SH","600388","龙净环保","福建","环境保护","福建龙净环保股份有限公司","主板","20001229"
"600389.SH","600389","江山股份","江苏","农药化肥","南通江山农药化工股份有限公司","主板","20010110"
"600390.SH","600390","五矿资本","湖南","多元金融","五矿资本股份有限公司","主板","20010115"
"600391.SH","600391","航发科技","四川","航空","中国航发航空科技股份有限公司","主板","20011212"
"600392.SH","600392","盛和资源","四川","小金属","盛和资源控股股份有限公司","主板","20030529"
"600393.SH","600393","ST粤泰","广东","全国地产","广州粤泰集团股份有限公司","主板","20010319"
"600395.SH","600395","盘江股份","贵州","煤炭开采","贵州盘江精煤股份有限公司","主板","20010531"
"600396.SH","600396","金山股份","辽宁","火力发电","沈阳金山能源股份有限公司","主板","20010328"
"600397.SH","600397","安源煤业","江西","煤炭开采","安源煤业集团股份有限公司","主板","20020702"
"600398.SH","600398","海澜之家","江苏","服饰","海澜之家集团股份有限公司","主板","20001228"
"600399.SH","600399","抚顺特钢","辽宁","特种钢","抚顺特殊钢股份有限公司","主板","20001229"
"600400.SH","600400","红豆股份","江苏","服饰","江苏红豆实业股份有限公司","主板","20010108"
"600403.SH","600403","大有能源","河南","煤炭开采","河南大有能源股份有限公司","主板","20031009"
"600405.SH","600405","动力源","北京","电气设备","北京动力源科技股份有限公司","主板","20040401"
"600406.SH","600406","国电南瑞","江苏","电气设备","国电南瑞科技股份有限公司","主板","20031016"
"600408.SH","600408","ST安泰","山西","焦炭加工","山西安泰集团股份有限公司","主板","20030212"
"600409.SH","600409","三友化工","河北","化工原料","唐山三友化工股份有限公司","主板","20030618"
"600410.SH","600410","华胜天成","北京","软件服务","北京华胜天成科技股份有限公司","主板","20040427"
"600415.SH","600415","小商品城","浙江","商品城","浙江中国小商品城集团股份有限公司","主板","20020509"
"600416.SH","600416","湘电股份","湖南","电气设备","湘潭电机股份有限公司","主板","20020718"
"600418.SH","600418","江淮汽车","安徽","汽车整车","安徽江淮汽车集团股份有限公司","主板","20010824"
"600419.SH","600419","天润乳业","新疆","乳制品","新疆天润乳业股份有限公司","主板","20010628"
"600420.SH","600420","国药现代","上海","化学制药","上海现代制药股份有限公司","主板","20040616"
"600421.SH","600421","华嵘控股","湖北","综合类","湖北华嵘控股股份有限公司","主板","20040607"
"600422.SH","600422","昆药集团","云南","中成药","昆药集团股份有限公司","主板","20001206"
"600423.SH","600423","柳化股份","广西","农药化肥","柳州化工股份有限公司","主板","20030717"
"600425.SH","600425","青松建化","新疆","水泥","新疆青松建材化工(集团)股份有限公司","主板","20030724"
"600426.SH","600426","华鲁恒升","山东","农药化肥","山东华鲁恒升化工股份有限公司","主板","20020620"
"600428.SH","600428","中远海特","广东","水运","中远海运特种运输股份有限公司","主板","20020418"
"600429.SH","600429","三元股份","北京","乳制品","北京三元食品股份有限公司","主板","20030915"
"600433.SH","600433","冠豪高新","广东","造纸","广东冠豪高新技术股份有限公司","主板","20030619"
"600435.SH","600435","北方导航","北京","专用机械","北方导航控制技术股份有限公司","主板","20030704"
"600436.SH","600436","片仔癀","福建","中成药","漳州片仔癀药业股份有限公司","主板","20030616"
"600438.SH","600438","通威股份","四川","电气设备","通威股份有限公司","主板","20040302"
"600439.SH","600439","瑞贝卡","河南","服饰","河南瑞贝卡发制品股份有限公司","主板","20030710"
"600444.SH","600444","国机通用","安徽","专用机械","国机通用机械科技股份有限公司","主板","20040219"
"600446.SH","600446","金证股份","深圳","软件服务","深圳市金证科技股份有限公司","主板","20031224"
"600448.SH","600448","华纺股份","山东","纺织","华纺股份有限公司","主板","20010903"
"600449.SH","600449","宁夏建材","宁夏","水泥","宁夏建材集团股份有限公司","主板","20030829"
"600452.SH","600452","涪陵电力","重庆","水力发电","重庆涪陵电力实业股份有限公司","主板","20040303"
"600455.SH","600455","博通股份","陕西","文教休闲","西安博通资讯股份有限公司","主板","20040329"
"600456.SH","600456","宝钛股份","陕西","小金属","宝鸡钛业股份有限公司","主板","20020412"
"600458.SH","600458","时代新材","湖南","塑料","株洲时代新材料科技股份有限公司","主板","20021219"
"600459.SH","600459","贵研铂业","云南","小金属","贵研铂业股份有限公司","主板","20030516"
"600460.SH","600460","士兰微","浙江","半导体","杭州士兰微电子股份有限公司","主板","20030311"
"600461.SH","600461","洪城环境","江西","水务","江西洪城环境股份有限公司","主板","20040601"
"600462.SH","600462","ST九有","湖北","广告包装","湖北九有投资股份有限公司","主板","20030903"
"600463.SH","600463","空港股份","北京","园区开发","北京空港科技园区股份有限公司","主板","20040318"
"600466.SH","600466","蓝光发展","四川","区域地产","四川蓝光发展股份有限公司","主板","20010212"
"600467.SH","600467","好当家","山东","渔业","山东好当家海洋发展股份有限公司","主板","20040405"
"600468.SH","600468","百利电气","天津","电气设备","天津百利特精电气股份有限公司","主板","20010615"
"600469.SH","600469","风神股份","河南","汽车配件","风神轮胎股份有限公司","主板","20031021"
"600470.SH","600470","六国化工","安徽","农药化肥","安徽六国化工股份有限公司","主板","20040305"
"600475.SH","600475","华光环能","江苏","环境保护","无锡华光环保能源集团股份有限公司","主板","20030721"
"600476.SH","600476","湘邮科技","湖南","软件服务","湖南湘邮科技股份有限公司","主板","20031210"
"600477.SH","600477","杭萧钢构","浙江","钢加工","杭萧钢构股份有限公司","主板","20031110"
"600478.SH","600478","科力远","湖南","元器件","湖南科力远新能源股份有限公司","主板","20030918"
"600479.SH","600479","千金药业","湖南","中成药","株洲千金药业股份有限公司","主板","20040312"
"600480.SH","600480","凌云股份","河北","汽车配件","凌云工业股份有限公司","主板","20030815"
"600481.SH","600481","双良节能","江苏","机械基件","双良节能系统股份有限公司","主板","20030422"
"600482.SH","600482","中国动力","河北","船舶","中国船舶重工集团动力股份有限公司","主板","20040714"
"600483.SH","600483","福能股份","福建","火力发电","福建福能股份有限公司","主板","20040531"
"600486.SH","600486","扬农化工","江苏","农药化肥","江苏扬农化工股份有限公司","主板","20020425"
"600487.SH","600487","亨通光电","江苏","通信设备","江苏亨通光电股份有限公司","主板","20030822"
"600488.SH","600488","天药股份","天津","化学制药","天津天药药业股份有限公司","主板","20010618"
"600489.SH","600489","中金黄金","北京","黄金","中金黄金股份有限公司","主板","20030814"
"600490.SH","600490","鹏欣资源","上海","铜","鹏欣环球资源股份有限公司","主板","20030626"
"600491.SH","600491","龙元建设","浙江","建筑工程","龙元建设集团股份有限公司","主板","20040524"
"600493.SH","600493","凤竹纺织","福建","纺织","福建凤竹纺织科技股份有限公司","主板","20040421"
"600495.SH","600495","晋西车轴","山西","运输设备","晋西车轴股份有限公司","主板","20040526"
"600496.SH","600496","精工钢构","安徽","钢加工","长江精工钢结构(集团)股份有限公司","主板","20020605"
"600497.SH","600497","驰宏锌锗","云南","铅锌","云南驰宏锌锗股份有限公司","主板","20040420"
"600498.SH","600498","烽火通信","湖北","通信设备","烽火通信科技股份有限公司","主板","20010823"
"600499.SH","600499","科达制造","广东","专用机械","科达制造股份有限公司","主板","20021010"
"600500.SH","600500","中化国际","上海","塑料","中化国际(控股)股份有限公司","主板","20000301"
"600501.SH","600501","航天晨光","江苏","汽车配件","航天晨光股份有限公司","主板","20010615"
"600502.SH","600502","安徽建工","安徽","建筑工程","安徽建工集团股份有限公司","主板","20030415"
"600503.SH","600503","华丽家族","上海","区域地产","华丽家族股份有限公司","主板","20020709"
"600505.SH","600505","西昌电力","四川","水力发电","四川西昌电力股份有限公司","主板","20020530"
"600506.SH","600506","*ST香梨","新疆","种植业","新疆库尔勒香梨股份有限公司","主板","20011226"
"600507.SH","600507","方大特钢","江西","特种钢","方大特钢科技股份有限公司","主板","20030930"
"600508.SH","600508","上海能源","上海","煤炭开采","上海大屯能源股份有限公司","主板","20010829"
"600509.SH","600509","天富能源","新疆","火力发电","新疆天富能源股份有限公司","主板","20020228"
"600510.SH","600510","黑牡丹","江苏","全国地产","黑牡丹(集团)股份有限公司","主板","20020618"
"600511.SH","600511","国药股份","北京","医药商业","国药集团药业股份有限公司","主板","20021127"
"600512.SH","600512","腾达建设","浙江","建筑工程","腾达建设集团股份有限公司","主板","20021226"
"600513.SH","600513","联环药业","江苏","化学制药","江苏联环药业股份有限公司","主板","20030319"
"600515.SH","600515","*ST基础","海南","全国地产","海南机场设施股份有限公司","主板","20020806"
"600516.SH","600516","方大炭素","甘肃","矿物制品","方大炭素新材料科技股份有限公司","主板","20020830"
"600517.SH","600517","国网英大","上海","多元金融","国网英大股份有限公司","主板","20031010"
"600518.SH","600518","*ST康美","广东","中成药","康美药业股份有限公司","主板","20010319"
"600519.SH","600519","贵州茅台","贵州","白酒","贵州茅台酒股份有限公司","主板","20010827"
"600520.SH","600520","文一科技","安徽","机械基件","文一三佳科技股份有限公司","主板","20020108"
"600521.SH","600521","华海药业","浙江","化学制药","浙江华海药业股份有限公司","主板","20030304"
"600522.SH","600522","中天科技","江苏","通信设备","江苏中天科技股份有限公司","主板","20021024"
"600523.SH","600523","贵航股份","贵州","汽车配件","贵州贵航汽车零部件股份有限公司","主板","20011227"
"600525.SH","600525","长园集团","深圳","电气设备","长园科技集团股份有限公司","主板","20021202"
"600526.SH","600526","菲达环保","浙江","环境保护","浙江菲达环保科技股份有限公司","主板","20020722"
"600527.SH","600527","江南高纤","江苏","化纤","江苏江南高纤股份有限公司","主板","20031127"
"600528.SH","600528","中铁工业","北京","运输设备","中铁高新工业股份有限公司","主板","20010528"
"600529.SH","600529","山东药玻","山东","医疗保健","山东省药用玻璃股份有限公司","主板","20020603"
"600530.SH","600530","交大昂立","上海","医疗保健","上海交大昂立股份有限公司","主板","20010702"
"600531.SH","600531","豫光金铅","河南","铅锌","河南豫光金铅股份有限公司","主板","20020730"
"600532.SH","600532","未来股份","上海","医疗保健","上海智汇未来医疗服务股份有限公司","主板","20021031"
"600533.SH","600533","栖霞建设","江苏","区域地产","南京栖霞建设股份有限公司","主板","20020328"
"600535.SH","600535","天士力","天津","中成药","天士力医药集团股份有限公司","主板","20020823"
"600536.SH","600536","中国软件","北京","软件服务","中国软件与技术服务股份有限公司","主板","20020517"
"600537.SH","600537","亿晶光电","浙江","电气设备","亿晶光电科技股份有限公司","主板","20030123"
"600538.SH","600538","国发股份","广西","医药商业","北海国发川山生物股份有限公司","主板","20030114"
"600539.SH","600539","狮头股份","山西","互联网","狮头科技发展股份有限公司","主板","20010824"
"600540.SH","600540","新赛股份","新疆","种植业","新疆赛里木现代农业股份有限公司","主板","20040107"
"600543.SH","600543","莫高股份","甘肃","红黄酒","甘肃莫高实业发展股份有限公司","主板","20040324"
"600545.SH","600545","卓郎智能","新疆","纺织机械","卓郎智能技术股份有限公司","主板","20031203"
"600546.SH","600546","山煤国际","山西","煤炭开采","山煤国际能源集团股份有限公司","主板","20030731"
"600547.SH","600547","山东黄金","山东","黄金","山东黄金矿业股份有限公司","主板","20030828"
"600548.SH","600548","深高速","深圳","路桥","深圳高速公路集团股份有限公司","主板","20011225"
"600549.SH","600549","厦门钨业","福建","小金属","厦门钨业股份有限公司","主板","20021107"
"600550.SH","600550","保变电气","河北","电气设备","保定天威保变电气股份有限公司","主板","20010228"
"600551.SH","600551","时代出版","安徽","出版业","时代出版传媒股份有限公司","主板","20020905"
"600552.SH","600552","凯盛科技","安徽","玻璃","凯盛科技股份有限公司","主板","20021108"
"600555.SH","600555","*ST海创","海南","旅游服务","海航创新股份有限公司","主板","20010328"
"600556.SH","600556","天下秀","广西","互联网","天下秀数字科技(集团)股份有限公司","主板","20010807"
"600557.SH","600557","康缘药业","江苏","中成药","江苏康缘药业股份有限公司","主板","20020918"
"600558.SH","600558","大西洋","四川","钢加工","四川大西洋焊接材料股份有限公司","主板","20010227"
"600559.SH","600559","老白干酒","河北","白酒","河北衡水老白干酒业股份有限公司","主板","20021029"
"600560.SH","600560","金自天正","北京","电气设备","北京金自天正智能控制股份有限公司","主板","20020919"
"600561.SH","600561","江西长运","江西","公共交通","江西长运股份有限公司","主板","20020716"
"600562.SH","600562","国睿科技","江苏","通信设备","国睿科技股份有限公司","主板","20030128"
"600563.SH","600563","法拉电子","福建","元器件","厦门法拉电子股份有限公司","主板","20021210"
"600565.SH","600565","迪马股份","重庆","全国地产","重庆市迪马实业股份有限公司","主板","20020723"
"600566.SH","600566","济川药业","湖北","中成药","湖北济川药业股份有限公司","主板","20010822"
"600567.SH","600567","山鹰国际","安徽","造纸","山鹰国际控股股份公司","主板","20011218"
"600568.SH","600568","ST中珠","湖北","区域地产","中珠医疗控股股份有限公司","主板","20010518"
"600569.SH","600569","安阳钢铁","河南","普钢","安阳钢铁股份有限公司","主板","20010820"
"600570.SH","600570","恒生电子","浙江","软件服务","恒生电子股份有限公司","主板","20031216"
"600571.SH","600571","信雅达","浙江","软件服务","信雅达科技股份有限公司","主板","20021101"
"600572.SH","600572","康恩贝","浙江","中成药","浙江康恩贝制药股份有限公司","主板","20040412"
"600573.SH","600573","惠泉啤酒","福建","啤酒","福建省燕京惠泉啤酒股份有限公司","主板","20030226"
"600575.SH","600575","淮河能源","安徽","铁路","淮河能源(集团)股份有限公司","主板","20030328"
"600576.SH","600576","祥源文化","浙江","影视音像","浙江祥源文化股份有限公司","主板","20030220"
"600577.SH","600577","精达股份","安徽","电气设备","铜陵精达特种电磁线股份有限公司","主板","20020911"
"600578.SH","600578","京能电力","北京","火力发电","北京京能电力股份有限公司","主板","20020510"
"600579.SH","600579","克劳斯","山东","化工机械","克劳斯玛菲股份有限公司","主板","20020809"
"600580.SH","600580","卧龙电驱","浙江","电气设备","卧龙电气驱动集团股份有限公司","主板","20020606"
"600581.SH","600581","八一钢铁","新疆","普钢","新疆八一钢铁股份有限公司","主板","20020816"
"600582.SH","600582","天地科技","北京","工程机械","天地科技股份有限公司","主板","20020515"
"600583.SH","600583","海油工程","天津","石油开采","海洋石油工程股份有限公司","主板","20020205"
"600584.SH","600584","长电科技","江苏","半导体","江苏长电科技股份有限公司","主板","20030603"
"600585.SH","600585","海螺水泥","安徽","水泥","安徽海螺水泥股份有限公司","主板","20020207"
"600586.SH","600586","金晶科技","山东","玻璃","山东金晶科技股份有限公司","主板","20020815"
"600587.SH","600587","新华医疗","山东","医疗保健","山东新华医疗器械股份有限公司","主板","20020927"
"600588.SH","600588","用友网络","北京","软件服务","用友网络科技股份有限公司","主板","20010518"
"600589.SH","600589","ST榕泰","广东","塑料","广东榕泰实业股份有限公司","主板","20010612"
"600590.SH","600590","泰豪科技","江西","电气设备","泰豪科技股份有限公司","主板","20020703"
"600592.SH","600592","龙溪股份","福建","机械基件","福建龙溪轴承(集团)股份有限公司","主板","20020805"
"600593.SH","600593","*ST圣亚","辽宁","旅游服务","大连圣亚旅游控股股份有限公司","主板","20020711"
"600594.SH","600594","益佰制药","贵州","中成药","贵州益佰制药股份有限公司","主板","20040323"
"600595.SH","600595","ST中孚","河南","铝","河南中孚实业股份有限公司","主板","20020626"
"600596.SH","600596","新安股份","浙江","化工原料","浙江新安化工集团股份有限公司","主板","20010906"
"600597.SH","600597","光明乳业","上海","乳制品","光明乳业股份有限公司","主板","20020828"
"600598.SH","600598","北大荒","黑龙江","种植业","黑龙江北大荒农业股份有限公司","主板","20020329"
"600599.SH","600599","ST熊猫","湖南","多元金融","熊猫金控股份有限公司","主板","20010828"
"600600.SH","600600","青岛啤酒","山东","啤酒","青岛啤酒股份有限公司","主板","19930827"
"600601.SH","600601","ST方科","上海","IT设备","方正科技集团股份有限公司","主板","19901219"
"600602.SH","600602","云赛智联","上海","软件服务","云赛智联股份有限公司","主板","19901219"
"600603.SH","600603","广汇物流","四川","区域地产","广汇物流股份有限公司","主板","19920113"
"600604.SH","600604","市北高新","上海","园区开发","上海市北高新股份有限公司","主板","19920327"
"600605.SH","600605","汇通能源","上海","房产服务","上海汇通能源股份有限公司","主板","19920327"
"600606.SH","600606","绿地控股","上海","建筑工程","绿地控股集团股份有限公司","主板","19920327"
"600608.SH","600608","ST沪科","上海","商贸代理","上海宽频科技股份有限公司","主板","19920327"
"600609.SH","600609","金杯汽车","辽宁","汽车配件","金杯汽车股份有限公司","主板","19920724"
"600610.SH","600610","中毅达","贵州","化工原料","贵州中毅达股份有限公司","主板","19920805"
"600611.SH","600611","大众交通","上海","公共交通","大众交通(集团)股份有限公司","主板","19920807"
"600612.SH","600612","老凤祥","上海","服饰","老凤祥股份有限公司","主板","19920814"
"600613.SH","600613","神奇制药","上海","中成药","上海神奇制药投资管理股份有限公司","主板","19920820"
"600615.SH","600615","*ST丰华","上海","小金属","上海丰华(集团)股份有限公司","主板","19920910"
"600616.SH","600616","金枫酒业","上海","红黄酒","上海金枫酒业股份有限公司","主板","19920929"
"600617.SH","600617","国新能源","山西","供气供热","山西省国新能源股份有限公司","主板","19921013"
"600618.SH","600618","氯碱化工","上海","化工原料","上海氯碱化工股份有限公司","主板","19921113"
"600619.SH","600619","海立股份","上海","家用电器","上海海立(集团)股份有限公司","主板","19921116"
"600620.SH","600620","天宸股份","上海","综合类","上海市天宸股份有限公司","主板","19921117"
"600621.SH","600621","华鑫股份","上海","证券","上海华鑫股份有限公司","主板","19921202"
"600622.SH","600622","光大嘉宝","上海","区域地产","光大嘉宝股份有限公司","主板","19921203"
"600623.SH","600623","华谊集团","上海","化工原料","上海华谊集团股份有限公司","主板","19921204"
"600624.SH","600624","复旦复华","上海","化学制药","上海复旦复华科技股份有限公司","主板","19930105"
"600626.SH","600626","申达股份","上海","汽车配件","上海申达股份有限公司","主板","19930107"
"600628.SH","600628","新世界","上海","百货","上海新世界股份有限公司","主板","19930119"
"600629.SH","600629","华建集团","上海","建筑工程","华东建筑集团股份有限公司","主板","19930209"
"600630.SH","600630","龙头股份","上海","纺织","上海龙头(集团)股份有限公司","主板","19930209"
"600633.SH","600633","浙数文化","浙江","互联网","浙报数字文化集团股份有限公司","主板","19930304"
"600635.SH","600635","大众公用","上海","供气供热","上海大众公用事业(集团)股份有限公司","主板","19930304"
"600636.SH","600636","国新文化","上海","文教休闲","国新文化控股股份有限公司","主板","19930316"
"600637.SH","600637","东方明珠","上海","影视音像","东方明珠新媒体股份有限公司","主板","19930316"
"600638.SH","600638","新黄浦","上海","区域地产","上海新黄浦实业集团股份有限公司","主板","19930326"
"600639.SH","600639","浦东金桥","上海","园区开发","上海金桥出口加工区开发股份有限公司","主板","19930326"
"600640.SH","600640","新国脉","上海","影视音像","新国脉数字文化股份有限公司","主板","19930407"
"600641.SH","600641","万业企业","上海","区域地产","上海万业企业股份有限公司","主板","19930407"
"600642.SH","600642","申能股份","上海","火力发电","申能股份有限公司","主板","19930416"
"600643.SH","600643","爱建集团","上海","多元金融","上海爱建集团股份有限公司","主板","19930426"
"600644.SH","600644","乐山电力","四川","水力发电","乐山电力股份有限公司","主板","19930426"
"600645.SH","600645","中源协和","天津","医疗保健","中源协和细胞基因工程股份有限公司","主板","19930504"
"600647.SH","600647","同达创业","上海","综合类","上海同达创业投资股份有限公司","主板","19930504"
"600648.SH","600648","外高桥","上海","园区开发","上海外高桥集团股份有限公司","主板","19930504"
"600649.SH","600649","城投控股","上海","区域地产","上海城投控股股份有限公司","主板","19930518"
"600650.SH","600650","锦江在线","上海","公共交通","上海锦江在线网络服务股份有限公司","主板","19930607"
"600651.SH","600651","飞乐音响","上海","电器仪表","上海飞乐音响股份有限公司","主板","19901219"
"600652.SH","600652","*ST游久","上海","互联网","上海游久游戏股份有限公司","主板","19901219"
"600653.SH","600653","申华控股","辽宁","汽车服务","辽宁申华控股股份有限公司","主板","19901219"
"600654.SH","600654","ST中安","湖北","软件服务","中安科股份有限公司","主板","19901219"
"600655.SH","600655","豫园股份","上海","百货","上海豫园旅游商城(集团)股份有限公司","主板","19920902"
"600657.SH","600657","信达地产","北京","全国地产","信达地产股份有限公司","主板","19930524"
"600658.SH","600658","电子城","北京","园区开发","北京电子城高科技集团股份有限公司","主板","19930524"
"600660.SH","600660","福耀玻璃","福建","汽车配件","福耀玻璃工业集团股份有限公司","主板","19930610"
"600661.SH","600661","昂立教育","上海","文教休闲","上海新南洋昂立教育科技股份有限公司","主板","19930614"
"600662.SH","600662","外服控股","上海","公共交通","上海外服控股集团股份有限公司","主板","19930614"
"600663.SH","600663","陆家嘴","上海","园区开发","上海陆家嘴金融贸易区开发股份有限公司","主板","19930628"
"600664.SH","600664","哈药股份","黑龙江","化学制药","哈药集团股份有限公司","主板","19930629"
"600665.SH","600665","天地源","陕西","全国地产","天地源股份有限公司","主板","19930709"
"600666.SH","600666","*ST瑞德","黑龙江","元器件","奥瑞德光电股份有限公司","主板","19930712"
"600667.SH","600667","太极实业","江苏","半导体","无锡市太极实业股份有限公司","主板","19930728"
"600668.SH","600668","尖峰集团","浙江","水泥","浙江尖峰集团股份有限公司","主板","19930728"
"600671.SH","600671","ST目药","浙江","中成药","杭州天目山药业股份有限公司","主板","19930823"
"600673.SH","600673","东阳光","广东","铝","广东东阳光科技控股股份有限公司","主板","19930917"
"600674.SH","600674","川投能源","四川","水力发电","四川川投能源股份有限公司","主板","19930924"
"600675.SH","600675","中华企业","上海","区域地产","中华企业股份有限公司","主板","19930924"
"600676.SH","600676","交运股份","上海","汽车配件","上海交运集团股份有限公司","主板","19930928"
"600678.SH","600678","四川金顶","四川","水泥","四川金顶(集团)股份有限公司","主板","19931008"
"600679.SH","600679","上海凤凰","上海","文教休闲","上海凤凰企业(集团)股份有限公司","主板","19931008"
"600681.SH","600681","百川能源","湖北","供气供热","百川能源股份有限公司","主板","19931018"
"600682.SH","600682","南京新百","江苏","百货","南京新街口百货商店股份有限公司","主板","19931018"
"600683.SH","600683","京投发展","浙江","区域地产","京投发展股份有限公司","主板","19931025"
"600684.SH","600684","珠江股份","广东","全国地产","广州珠江发展集团股份有限公司","主板","19931028"
"600685.SH","600685","中船防务","广东","船舶","中船海洋与防务装备股份有限公司","主板","19931028"
"600686.SH","600686","金龙汽车","福建","汽车整车","厦门金龙汽车集团股份有限公司","主板","19931108"
"600688.SH","600688","上海石化","上海","石油加工","中国石化上海石油化工股份有限公司","主板","19931108"
"600689.SH","600689","上海三毛","上海","纺织","上海三毛企业(集团)股份有限公司","主板","19931108"
"600690.SH","600690","海尔智家","山东","家用电器","海尔智家股份有限公司","主板","19931119"
"600691.SH","600691","阳煤化工","山西","农药化肥","阳煤化工股份有限公司","主板","19931119"
"600692.SH","600692","亚通股份","上海","房产服务","上海亚通股份有限公司","主板","19931119"
"600693.SH","600693","东百集团","福建","百货","福建东百集团股份有限公司","主板","19931122"
"600694.SH","600694","大商股份","辽宁","百货","大商股份有限公司","主板","19931122"
"600695.SH","600695","*ST绿庭","上海","多元金融","上海绿庭投资控股集团股份有限公司","主板","19931122"
"600696.SH","600696","岩石股份","上海","白酒","上海贵酒股份有限公司","主板","19931206"
"600697.SH","600697","欧亚集团","吉林","百货","长春欧亚集团股份有限公司","主板","19931206"
"600698.SH","600698","湖南天雁","湖南","汽车配件","湖南天雁机械股份有限公司","主板","19931206"
"600699.SH","600699","均胜电子","浙江","汽车配件","宁波均胜电子股份有限公司","主板","19931206"
"600702.SH","600702","舍得酒业","四川","白酒","舍得酒业股份有限公司","主板","19960524"
"600703.SH","600703","三安光电","湖北","半导体","三安光电股份有限公司","主板","19960528"
"600704.SH","600704","物产中大","浙江","仓储物流","物产中大集团股份有限公司","主板","19960606"
"600705.SH","600705","中航产融","黑龙江","多元金融","中航工业产融控股股份有限公司","主板","19960516"
"600706.SH","600706","曲江文旅","陕西","旅游服务","西安曲江文化旅游股份有限公司","主板","19960516"
"600707.SH","600707","彩虹股份","陕西","元器件","彩虹显示器件股份有限公司","主板","19960520"
"600708.SH","600708","光明地产","上海","全国地产","光明房地产集团股份有限公司","主板","19960606"
"600710.SH","600710","苏美达","江苏","商贸代理","苏美达股份有限公司","主板","19960701"
"600711.SH","600711","盛屯矿业","福建","小金属","盛屯矿业集团股份有限公司","主板","19960531"
"600712.SH","600712","南宁百货","广西","百货","南宁百货大楼股份有限公司","主板","19960626"
"600713.SH","600713","南京医药","江苏","医药商业","南京医药股份有限公司","主板","19960701"
"600714.SH","600714","金瑞矿业","青海","化工原料","青海金瑞矿业发展股份有限公司","主板","19960606"
"600715.SH","600715","文投控股","辽宁","影视音像","文投控股股份有限公司","主板","19960701"
"600716.SH","600716","凤凰股份","江苏","区域地产","江苏凤凰置业投资股份有限公司","主板","19960702"
"600717.SH","600717","天津港","天津","港口","天津港股份有限公司","主板","19960614"
"600718.SH","600718","东软集团","辽宁","软件服务","东软集团股份有限公司","主板","19960618"
"600719.SH","600719","大连热电","辽宁","供气供热","大连热电股份有限公司","主板","19960716"
"600720.SH","600720","祁连山","甘肃","水泥","甘肃祁连山水泥集团股份有限公司","主板","19960716"
"600721.SH","600721","*ST百花","新疆","生物制药","新疆百花村医药集团股份有限公司","主板","19960626"
"600722.SH","600722","金牛化工","河北","化工原料","河北金牛化工股份有限公司","主板","19960626"
"600724.SH","600724","宁波富达","浙江","水泥","宁波富达股份有限公司","主板","19960716"
"600725.SH","600725","云维股份","云南","焦炭加工","云南云维股份有限公司","主板","19960702"
"600726.SH","600726","华电能源","黑龙江","火力发电","华电能源股份有限公司","主板","19960701"
"600727.SH","600727","鲁北化工","山东","化工原料","山东鲁北化工股份有限公司","主板","19960702"
"600728.SH","600728","佳都科技","广东","软件服务","佳都科技集团股份有限公司","主板","19960716"
"600729.SH","600729","重庆百货","重庆","百货","重庆百货大楼股份有限公司","主板","19960702"
"600730.SH","600730","中国高科","北京","综合类","中国高科集团股份有限公司","主板","19960726"
"600731.SH","600731","湖南海利","湖南","农药化肥","湖南海利化工股份有限公司","主板","19960802"
"600732.SH","600732","爱旭股份","上海","电气设备","上海爱旭新能源股份有限公司","主板","19960816"
"600733.SH","600733","北汽蓝谷","北京","汽车整车","北汽蓝谷新能源科技股份有限公司","主板","19960816"
"600734.SH","600734","*ST实达","福建","IT设备","福建实达集团股份有限公司","主板","19960808"
"600735.SH","600735","新华锦","山东","商贸代理","山东新华锦国际股份有限公司","主板","19960726"
"600736.SH","600736","苏州高新","江苏","园区开发","苏州新区高新技术产业股份有限公司","主板","19960815"
"600737.SH","600737","中粮糖业","新疆","食品","中粮糖业控股股份有限公司","主板","19960731"